{
  "train_loss": [
    0.43699899812539417,
    0.09433552887704637,
    0.03396394306586848,
    0.028808615894781217,
    0.020459880969590612,
    0.013749702367931604,
    0.010917513724416494,
    0.009438846839798821,
    0.008624686890592178,
    0.007067980198189616,
    0.00827058755999638,
    0.005200318329864078,
    0.00737115811660058,
    0.004306067883347472,
    0.005899130490918955,
    0.006343918526545167,
    0.0040104207841472495,
    0.004086425279577573,
    0.002974618854932487,
    0.0028570711716181703,
    0.004581970473130544,
    0.002898227131097681,
    0.002438403963525262,
    0.0020727527845236992,
    0.002048482172863765,
    0.0020599758174891275,
    0.009123989472734845,
    0.0018214479632054767,
    0.0021713529739321932,
    0.002004670270252973
  ],
  "train_acc": [
    0.8259649122807018,
    0.992280701754386,
    0.9992982456140351,
    0.9978947368421053,
    0.9985964912280701,
    1.0,
    1.0,
    1.0,
    0.9992982456140351,
    1.0,
    0.9992982456140351,
    1.0,
    0.9992982456140351,
    1.0,
    0.9985964912280701,
    0.9992982456140351,
    1.0,
    1.0,
    1.0,
    1.0,
    0.9992982456140351,
    1.0,
    1.0,
    1.0,
    1.0,
    1.0,
    0.9971929824561403,
    1.0,
    1.0,
    1.0
  ],
  "val_loss": [
    0.1616591132349438,
    0.07647135770983166,
    0.034153232557906046,
    0.02879766250650088,
    0.013642320823338296,
    0.014233471308317449,
    0.01402277209692531,
    0.007788192687763108,
    0.00636882759216759,
    0.006219352129846811,
    0.004668861860409379,
    0.004625876744588216,
    0.004582199061082469,
    0.0032040290793197024,
    0.0031695151184168127,
    0.0034844719080461394,
    0.0034178369937257636,
    0.0024715877758959928,
    0.0027184002618822786,
    0.0021381535722563663,
    0.0019269930328139001,
    0.0017103008123942548,
    0.001774030724643833,
    0.001798793828735749,
    0.0015142569706464808,
    0.001581170505637096,
    0.0015676529922833045,
    0.001581360521312389,
    0.0016357452841475606,
    0.001458193110819492
  ],
  "val_acc": [
    0.9929824561403509,
    0.9964912280701754,
    1.0,
    1.0,
    1.0,
    1.0,
    1.0,
    1.0,
    1.0,
    1.0,
    1.0,
    1.0,
    1.0,
    1.0,
    1.0,
    1.0,
    1.0,
    1.0,
    1.0,
    1.0,
    1.0,
    1.0,
    1.0,
    1.0,
    1.0,
    1.0,
    1.0,
    1.0,
    1.0,
    1.0
  ],
  "learning_rates": [
    0.0001,
    9.984740801978984e-05,
    9.939057285945931e-05,
    9.863231105968498e-05,
    9.75772975566101e-05,
    9.623203685930868e-05,
    9.46048229473242e-05,
    9.270568813552755e-05,
    9.054634122155989e-05,
    8.814009529720152e-05,
    8.550178566873408e-05,
    8.264767839234409e-05,
    7.959536998847741e-05,
    7.636367895343945e-05,
    7.297252973710755e-05,
    6.944282990207194e-05,
    6.57963412215599e-05,
    6.205554551086731e-05,
    5.824350601949142e-05,
    5.438372523852832e-05,
    5.0499999999999994e-05,
    4.6616274761471674e-05,
    4.275649398050858e-05,
    3.894445448913268e-05,
    3.52036587784401e-05,
    3.155717009792805e-05,
    2.802747026289243e-05,
    2.463632104656053e-05,
    2.1404630011522583e-05,
    1.835232160765591e-05
  ]
}